{
  "mit": {
    "patchtst": [
      0.03521752543747425,
      0.0037038580990405644
    ],
    "cptransformer": [
      0.25537691797528944,
      0.0006260899293847262
    ],
    "trendresid_patch": [
      0.016930101372833763,
      0.0011493695887856595
    ]
  },
  "xjtu_lpo": {
    "patchtst": [
      0.056998809043695954,
      0.004139880021495401
    ],
    "cptransformer": [
      0.3028387345265651,
      0.010790857114934554
    ],
    "trendresid_patch": [
      0.037877668694093605,
      0.0010240702782910668
    ]
  },
  "isu_ilcc_lpo": {
    "patchtst": [
      0.1349384899627655,
      0.001084711335124077
    ],
    "cptransformer": [
      0.24407691334156278,
      0.009269153733124065
    ],
    "trendresid_patch": [
      0.1127754780232695,
      0.0094069079224533
    ]
  }
}
