{
  "mit": {
    "best_cfg": [
      0.001,
      0.0
    ],
    "best_val": 0.031179612635501792,
    "test_seeds": [
      0.02670183445193938,
      0.026661344670823643,
      0.025972100041274513
    ],
    "test_mean": 0.026445093054679177,
    "test_std": 0.0003348647972350627
  },
  "xjtu_lpo": {
    "best_cfg": [
      0.001,
      0.0001
    ],
    "best_val": 0.05146420141682029,
    "test_seeds": [
      0.061495530378559364,
      0.06057468477798545,
      0.0536987515895263
    ],
    "test_mean": 0.058589655582023704,
    "test_std": 0.00347876372225291
  },
  "isu_ilcc_lpo": {
    "best_cfg": [
      0.0003,
      0.0001
    ],
    "best_val": 0.15914829737610287,
    "test_seeds": [
      0.11168335778440566,
      0.13733081923837356,
      0.12647360634613544
    ],
    "test_mean": 0.12516259445630487,
    "test_std": 0.010511490027255894
  },
  "aging_matrix": {
    "best_cfg": [
      0.001,
      0.0001
    ],
    "best_val": 0.009027815831359476,
    "test_seeds": [
      0.005155437393113971,
      0.004172600596211851,
      0.005936991516500711
    ],
    "test_mean": 0.005088343168608844,
    "test_std": 0.0007218702820317516
  },
  "dynamic_cycling": {
    "best_cfg": [
      0.001,
      0.0
    ],
    "best_val": 0.007729757756281357,
    "test_seeds": [
      0.009421112285436769,
      0.01078199337873804,
      0.01002207991520041
    ],
    "test_mean": 0.01007506185979174,
    "test_std": 0.0005568390864907171
  }
}
