{
  "mit": {
    "dlinear": {
      "best_cfg": [
        0.001,
        0.0001,
        0.1,
        64
      ],
      "best_val": 0.3799166147197996,
      "test_seeds": [
        0.3766887869153704,
        0.031915519519576004,
        0.033395969575004916
      ],
      "test_mean": 0.14733342533665042,
      "test_std": 0.16217985766173448
    },
    "itransformer": {
      "best_cfg": [
        0.001,
        0.0001,
        0.1,
        64
      ],
      "best_val": 0.10400082889412131,
      "test_seeds": [
        0.05796366451042039,
        0.1261906283242362,
        0.15438589081168175
      ],
      "test_mean": 0.11284672788211277,
      "test_std": 0.040479263748903094
    }
  },
  "xjtu_lpo": {
    "dlinear": {
      "best_cfg": [
        0.001,
        0.0,
        0.1,
        64
      ],
      "best_val": 0.6131699085235596,
      "test_seeds": [
        0.5884149852006332,
        0.07345135655740033,
        0.06728197034934293
      ],
      "test_mean": 0.24304943736912546,
      "test_std": 0.24422330840614445
    },
    "itransformer": {
      "best_cfg": [
        0.0003,
        0.0001,
        0.3,
        64
      ],
      "best_val": 0.16077723447233438,
      "test_seeds": [
        0.27395192890063574,
        0.3171232575955598,
        0.26506822264712787
      ],
      "test_mean": 0.28538113638110785,
      "test_std": 0.022736193665524825
    }
  },
  "isu_ilcc_lpo": {
    "dlinear": {
      "best_cfg": [
        0.001,
        0.0,
        0.1,
        64
      ],
      "best_val": 0.42806071870856816,
      "test_seeds": [
        0.42001085403434774,
        0.10694637749978203,
        0.09299413132619985
      ],
      "test_mean": 0.20665045428677653,
      "test_std": 0.1509760718980651
    },
    "itransformer": {
      "best_cfg": [
        0.001,
        0.0001,
        0.3,
        128
      ],
      "best_val": 0.12467088229540321,
      "test_seeds": [
        0.11885211854539018,
        0.10927117927039558,
        0.13240546336833467
      ],
      "test_mean": 0.12017625372804015,
      "test_std": 0.009490829808030064
    }
  },
  "aging_matrix": {
    "dlinear": {
      "best_cfg": [
        0.0003,
        0.0001,
        0.1,
        64
      ],
      "best_val": 0.01817851117812097,
      "test_seeds": [
        0.009913330245763064,
        0.8591661334037781,
        0.8525175094604492
      ],
      "test_mean": 0.5738656577033301,
      "test_std": 0.3987837524136694
    },
    "itransformer": {
      "best_cfg": [
        0.001,
        0.0001,
        0.3,
        128
      ],
      "best_val": 0.16512928158044815,
      "test_seeds": [
        0.16248722672462462,
        0.22036041617393493,
        0.1287677228450775
      ],
      "test_mean": 0.17053845524787903,
      "test_std": 0.03782346783289249
    }
  },
  "dynamic_cycling": {
    "dlinear": {
      "best_cfg": [
        0.001,
        0.0001,
        0.1,
        64
      ],
      "best_val": 0.01125971249376352,
      "test_seeds": [
        0.012903610048325439,
        0.016049795391920366,
        0.7453242540359497
      ],
      "test_mean": 0.25809255315873186,
      "test_std": 0.3445272339262738
    },
    "itransformer": {
      "best_cfg": [
        0.001,
        0.0001,
        0.3,
        128
      ],
      "best_val": 0.11538047744677617,
      "test_seeds": [
        0.1001065150883637,
        0.08224602372042443,
        0.03846037691753162
      ],
      "test_mean": 0.07360430524210658,
      "test_std": 0.025898147443890074
    }
  }
}
