{
  "mit": {
    "lstm": {
      "best_cfg": [
        0.001,
        0.0001,
        0.3,
        128
      ],
      "best_val": 0.11906954858984266,
      "test_seeds": [
        0.028518221008458307,
        0.03241498056533081,
        0.028777796841625656
      ],
      "test_mean": 0.02990366613847159,
      "test_std": 0.0017789266457060701
    },
    "transformer": {
      "best_cfg": [
        0.001,
        0.0001,
        0.3,
        128
      ],
      "best_val": 0.11444445220487458,
      "test_seeds": [
        0.039070564189127514,
        0.03206869001899447,
        0.03133494100932564
      ],
      "test_mean": 0.03415806507248254,
      "test_std": 0.0034865534634818305
    }
  },
  "xjtu_lpo": {
    "lstm": {
      "best_cfg": [
        0.001,
        0.0001,
        0.3,
        128
      ],
      "best_val": 0.21408378519117832,
      "test_seeds": [
        0.21604992578858914,
        0.22010439310384833,
        0.21216654388800912
      ],
      "test_mean": 0.2161069542601489,
      "test_std": 0.0032408642600676853
    },
    "transformer": {
      "best_cfg": [
        0.001,
        0.0001,
        0.1,
        128
      ],
      "best_val": 0.20704636350274086,
      "test_seeds": [
        0.2034630237714104,
        0.25245737640754035,
        0.15113195485394934
      ],
      "test_mean": 0.2023507850109667,
      "test_std": 0.04137340586696085
    }
  },
  "isu_ilcc_lpo": {
    "lstm": {
      "best_cfg": [
        0.001,
        0.0001,
        0.3,
        64
      ],
      "best_val": 0.1383003422783481,
      "test_seeds": [
        0.12473145737609964,
        0.12885977024648418,
        0.1380730643472139
      ],
      "test_mean": 0.13055476398993257,
      "test_std": 0.005576998714103491
    },
    "transformer": {
      "best_cfg": [
        0.001,
        0.0001,
        0.1,
        64
      ],
      "best_val": 0.151985681305329,
      "test_seeds": [
        0.14691641605756384,
        0.14338808950591594,
        0.15437295898161035
      ],
      "test_mean": 0.14822582151503003,
      "test_std": 0.004579137206835833
    }
  },
  "aging_matrix": {
    "lstm": {
      "best_cfg": [
        0.001,
        0.0001,
        0.3,
        128
      ],
      "best_val": 0.18804866820573807,
      "test_seeds": [
        0.1892247498035431,
        0.18565153181552888,
        0.1948373645544052
      ],
      "test_mean": 0.18990454872449236,
      "test_std": 0.0037807826091384757
    },
    "transformer": {
      "best_cfg": [
        0.001,
        0.0001,
        0.3,
        128
      ],
      "best_val": 0.17732974886894226,
      "test_seeds": [
        0.15362600088119507,
        0.1701222151517868,
        0.1454094648361206
      ],
      "test_mean": 0.15638589362303415,
      "test_std": 0.010275951310412642
    }
  },
  "dynamic_cycling": {
    "lstm": {
      "best_cfg": [
        0.001,
        0.0001,
        0.1,
        128
      ],
      "best_val": 0.16976687426750475,
      "test_seeds": [
        0.1174839226970155,
        0.12284969773731734,
        0.13158934655305193
      ],
      "test_mean": 0.12397432232912826,
      "test_std": 0.005813164995306762
    },
    "transformer": {
      "best_cfg": [
        0.001,
        0.0001,
        0.3,
        64
      ],
      "best_val": 0.14306725504306647,
      "test_seeds": [
        0.14481090440561897,
        0.1513475740426465,
        0.13975347294227072
      ],
      "test_mean": 0.1453039837968454,
      "test_std": 0.00474609597781678
    }
  }
}
