{
  "mit": {
    "best_lr": 0.003,
    "test_seeds": [
      0.030164808966219425,
      0.026421903299966028,
      0.028540257697126696
    ],
    "test_mean": 0.028375656654437382,
    "test_std": 0.0015324611651542223
  },
  "xjtu_lpo": {
    "best_lr": 0.0003,
    "test_seeds": [
      0.04861292194413102,
      0.04843036765637605,
      0.0465915470343569
    ],
    "test_mean": 0.047878278878287994,
    "test_std": 0.0009129040276809517
  },
  "isu_ilcc_lpo": {
    "best_lr": 0.0003,
    "test_seeds": [
      0.10471876512499566,
      0.10800431232820167,
      0.1080936681717
    ],
    "test_mean": 0.10693891520829911,
    "test_std": 0.0015703069574632147
  }
}
