dataset,arm,cb_rmse_mean,cb_rmse_std,cb_mae_mean,cb_mae_std,n_seeds
aging_matrix,Ag,0.0034301546558477185,0.0008283799552504604,0.0029773925213260571,0.00070901450418497524,4
dynamic_cycling,Ag,0.0042852408071109328,9.3472459037449764e-05,0.0036369641852540204,9.1081994314943794e-05,4
isu_ilcc_lpo,Ag,0.10833986210453175,0.00047701963660792335,0.098068601392047552,0.00044147202304322612,4
mit,Ag,0.011236825603643636,0.00059925999222123778,0.0091739048981163435,0.00057905691214683267,4
xjtu_lpo,Ag,0.04914085534126679,0.00031457524254642152,0.032566268914966709,0.00029039384176475768,4
